,genre
0,latin
1,metal
2,country
3,metal
4,blues
5,country
6,classical
7,metal
8,hiphop
9,classical
10,indie_alt
11,romance
12,classical
13,country
14,classical
15,blues
16,latin
17,jazz
18,latin
19,metal
20,classical
21,classical
22,indie_alt
23,country
24,latin
25,classical
26,indie_alt
27,funk
28,funk
29,hiphop
30,metal
31,party
32,classical
33,romance
34,latin
35,classical
36,rock
37,hiphop
38,hiphop
39,metal
40,indie_alt
41,pop
42,latin
43,classical
44,funk
45,country
46,hiphop
47,classical
48,classical
49,indie_alt
50,funk
51,indie_alt
52,classical
53,rock
54,jazz
55,jazz
56,classical
57,metal
58,classical
59,classical
60,classical
61,classical
62,classical
63,country
64,country
65,classical
66,metal
67,latin
68,classical
69,country
70,party
71,reggae
72,latin
73,metal
74,blues
75,latin
76,indie_alt
77,latin
78,indie_alt
79,classical
80,country
81,metal
82,metal
83,indie_alt
84,rock
85,blues
86,romance
87,metal
88,hiphop
89,metal
90,country
91,reggae
92,classical
93,classical
94,funk
95,classical
96,classical
97,party
98,hiphop
99,classical
100,romance
101,rock
102,party
103,metal
104,funk
105,party
106,classical
107,classical
108,indie_alt
109,latin
110,party
111,classical
112,indie_alt
113,classical
114,classical
115,pop
116,latin
117,classical
118,metal
119,metal
120,indie_alt
121,blues
122,classical
123,latin
124,indie_alt
125,country
126,jazz
127,latin
128,rock
129,classical
130,classical
131,romance
132,indie_alt
133,metal
134,classical
135,metal
136,classical
137,latin
138,pop
139,rock
140,party
141,latin
142,party
143,latin
144,reggae
145,latin
146,romance
147,metal
148,funk
149,classical
150,romance
151,classical
152,romance
153,indie_alt
154,classical
155,classical
156,country
157,classical
158,romance
159,jazz
160,latin
161,jazz
162,indie_alt
163,classical
164,romance
165,metal
166,rock
167,jazz
168,jazz
169,hiphop
170,classical
171,classical
172,indie_alt
173,classical
174,latin
175,country
176,metal
177,classical
178,metal
179,pop
180,jazz
181,funk
182,hiphop
183,classical
184,classical
185,funk
186,latin
187,classical
188,hiphop
189,pop
190,metal
191,classical
192,funk
193,latin
194,funk
195,classical
196,indie_alt
197,jazz
198,blues
199,indie_alt
200,blues
201,indie_alt
202,classical
203,rock
204,country
205,latin
206,rock
207,classical
208,latin
209,classical
210,indie_alt
211,indie_alt
212,punk
213,country
214,classical
215,country
216,indie_alt
217,country
218,latin
219,classical
220,indie_alt
221,jazz
222,country
223,jazz
224,rock
225,classical
226,indie_alt
227,indie_alt
228,hiphop
229,latin
230,classical
231,indie_alt
232,indie_alt
233,indie_alt
234,metal
235,classical
236,classical
237,reggae
238,classical
239,indie_alt
240,punk
241,party
242,jazz
243,classical
244,latin
245,romance
246,metal
247,hiphop
248,indie_alt
249,rock
250,pop
251,hiphop
252,latin
253,metal
254,classical
255,classical
256,metal
257,latin
258,party
259,latin
260,hiphop
261,hiphop
262,jazz
263,romance
264,blues
265,pop
266,reggae
267,hiphop
268,rock
269,jazz
270,hiphop
271,latin
272,romance
273,hiphop
274,classical
275,metal
276,latin
277,blues
278,classical
279,jazz
280,funk
281,romance
282,hiphop
283,classical
284,latin
285,pop
286,funk
287,romance
288,latin
289,jazz
290,classical
291,rock
292,romance
293,classical
294,romance
295,romance
296,indie_alt
297,latin
298,classical
299,hiphop
300,latin
301,metal
302,metal
303,latin
304,classical
305,rock
306,classical
307,classical
308,punk
309,metal
310,pop
311,latin
312,rock
313,metal
314,hiphop
315,rock
316,funk
317,reggae
318,funk
319,latin
320,classical
321,hiphop
322,hiphop
323,latin
324,jazz
325,reggae
326,romance
327,classical
328,metal
329,pop
330,classical
331,classical
332,classical
333,country
334,punk
335,hiphop
336,jazz
337,jazz
338,blues
339,pop
340,hiphop
341,rock
342,indie_alt
343,indie_alt
344,romance
345,classical
346,latin
347,romance
348,classical
349,romance
350,metal
351,country
352,romance
353,latin
354,jazz
355,rock
356,metal
357,metal
358,classical
359,indie_alt
360,party
361,metal
362,indie_alt
363,classical
364,country
365,classical
366,metal
367,metal
368,classical
369,indie_alt
370,metal
371,rock
372,indie_alt
373,party
374,hiphop
375,rock
376,classical
377,classical
378,classical
379,country
380,indie_alt
381,reggae
382,romance
383,country
384,metal
385,country
386,hiphop
387,party
388,indie_alt
389,metal
390,classical
391,hiphop
392,blues
393,latin
394,jazz
395,classical
396,funk
397,latin
398,metal
399,hiphop
400,romance
401,funk
402,country
403,indie_alt
404,rock
405,classical
406,indie_alt
407,latin
408,funk
409,romance
410,hiphop
411,classical
412,indie_alt
413,blues
414,hiphop
415,metal
416,latin
417,latin
418,funk
419,latin
420,funk
421,reggae
422,reggae
423,classical
424,romance
425,latin
426,metal
427,classical
428,latin
429,funk
430,reggae
431,classical
432,rock
433,jazz
434,classical
435,indie_alt
436,jazz
437,indie_alt
438,metal
439,party
440,jazz
441,rock
442,country
443,classical
444,indie_alt
445,latin
446,classical
447,latin
448,hiphop
449,jazz
450,funk
451,reggae
452,rock
453,hiphop
454,blues
455,latin
456,indie_alt
457,indie_alt
458,classical
459,latin
460,classical
461,funk
462,funk
463,party
464,jazz
465,hiphop
466,rock
467,classical
468,party
469,country
470,indie_alt
471,latin
472,indie_alt
473,classical
474,party
475,indie_alt
476,punk
477,indie_alt
478,romance
479,classical
480,party
481,indie_alt
482,jazz
483,romance
484,blues
485,classical
486,pop
487,romance
488,jazz
489,classical
490,reggae
491,latin
492,funk
493,country
494,blues
495,rock
496,hiphop
497,romance
498,party
499,jazz
500,romance
501,romance
502,hiphop
503,funk
504,party
505,metal
506,romance
507,jazz
508,romance
509,punk
510,latin
511,reggae
512,romance
513,rock
514,indie_alt
515,rock
516,party
517,latin
518,romance
519,metal
520,latin
521,party
522,metal
523,hiphop
524,metal
525,indie_alt
526,jazz
527,classical
528,classical
529,indie_alt
530,rock
531,metal
532,party
533,romance
534,latin
535,rock
536,metal
537,pop
538,latin
539,reggae
540,funk
541,hiphop
542,rock
543,jazz
544,jazz
545,romance
546,latin
547,metal
548,hiphop
549,jazz
550,reggae
551,funk
552,metal
553,romance
554,romance
555,latin
556,jazz
557,latin
558,latin
559,blues
560,indie_alt
561,hiphop
562,hiphop
563,blues
564,funk
565,metal
566,funk
567,latin
568,funk
569,latin
570,country
571,metal
572,latin
573,classical
574,latin
575,latin
576,classical
577,romance
578,latin
579,jazz
580,metal
581,latin
582,classical
583,indie_alt
584,hiphop
585,metal
586,rock
587,jazz
588,blues
589,classical
590,classical
591,metal
592,country
593,latin
594,country
595,latin
596,metal
597,country
598,latin
599,indie_alt
600,classical
601,hiphop
602,metal
603,jazz
604,country
605,funk
606,metal
607,latin
608,latin
609,hiphop
610,rock
611,metal
612,rock
613,indie_alt
614,latin
615,romance
616,latin
617,romance
618,latin
619,latin
620,country
621,classical
622,metal
623,hiphop
624,funk
625,hiphop
626,metal
627,classical
628,latin
629,classical
630,classical
631,jazz
632,romance
633,pop
634,hiphop
635,metal
636,indie_alt
637,classical
638,rock
639,classical
640,metal
641,latin
642,metal
643,indie_alt
644,romance
645,country
646,punk
647,metal
648,latin
649,classical
650,latin
651,metal
652,classical
653,metal
654,party
655,jazz
656,party
657,party
658,country
659,party
660,rock
661,rock
662,latin
663,metal
664,classical
665,classical
666,classical
667,latin
668,classical
669,metal
670,metal
671,metal
672,romance
673,indie_alt
674,romance
675,indie_alt
676,funk
677,classical
678,romance
679,pop
680,jazz
681,latin
682,romance
683,latin
684,romance
685,jazz
686,funk
687,classical
688,latin
689,metal
690,metal
691,reggae
692,classical
693,blues
694,jazz
695,funk
696,metal
697,metal
698,romance
699,romance
700,punk
701,country
702,romance
703,metal
704,funk
705,metal
706,romance
707,latin
708,jazz
709,metal
710,pop
711,romance
712,indie_alt
713,party
714,funk
715,romance
716,funk
717,latin
718,pop
719,indie_alt
720,latin
721,classical
722,funk
723,latin
724,indie_alt
725,indie_alt
726,metal
727,party
728,hiphop
729,indie_alt
730,classical
731,rock
732,classical
733,jazz
734,party
735,classical
736,classical
737,latin
738,funk
739,funk
740,romance
741,funk
742,pop
743,jazz
744,pop
745,funk
746,indie_alt
747,latin
748,classical
749,metal
750,metal
751,metal
752,indie_alt
753,jazz
754,hiphop
755,classical
756,indie_alt
757,indie_alt
758,metal
759,latin
760,rock
761,jazz
762,latin
763,classical
764,country
765,latin
766,latin
767,funk
768,funk
769,metal
770,jazz
771,blues
772,metal
773,classical
774,romance
775,latin
776,metal
777,jazz
778,rock
779,country
780,indie_alt
781,classical
782,reggae
783,romance
784,jazz
785,romance
786,blues
787,funk
788,metal
789,country
790,metal
791,funk
792,funk
793,classical
794,indie_alt
795,country
796,funk
797,jazz
798,latin
799,indie_alt
800,latin
801,classical
802,romance
803,funk
804,rock
805,jazz
806,pop
807,metal
808,classical
809,hiphop
810,metal
811,jazz
812,latin
813,latin
814,party
815,jazz
816,indie_alt
817,indie_alt
818,indie_alt
819,metal
820,funk
821,rock
822,metal
823,rock
824,latin
825,hiphop
826,classical
827,metal
828,latin
829,classical
830,classical
831,country
832,country
833,latin
834,classical
835,classical
836,jazz
837,pop
838,jazz
839,metal
840,funk
841,latin
842,classical
843,classical
844,indie_alt
845,latin
846,romance
847,classical
848,pop
849,party
850,metal
851,funk
852,jazz
853,latin
854,indie_alt
855,latin
856,country
857,jazz
858,blues
859,latin
860,funk
861,latin
862,reggae
863,metal
864,romance
865,party
866,hiphop
867,indie_alt
868,classical
869,hiphop
870,rock
871,romance
872,latin
873,metal
874,indie_alt
875,punk
876,latin
877,classical
878,funk
879,metal
880,funk
881,indie_alt
882,blues
883,pop
884,latin
885,metal
886,latin
887,jazz
888,metal
889,classical
890,jazz
891,metal
892,hiphop
893,party
894,romance
895,metal
896,indie_alt
897,rock
898,latin
899,classical
900,indie_alt
901,classical
902,party
903,jazz
904,romance
905,latin
906,indie_alt
907,classical
908,metal
909,punk
910,party
911,metal
912,latin
913,romance
914,classical
915,funk
916,classical
917,pop
918,pop
919,metal
920,classical
921,classical
922,latin
923,classical
924,metal
925,jazz
926,funk
927,latin
928,reggae
929,country
930,party
931,romance
932,indie_alt
933,hiphop
934,pop
935,classical
936,romance
937,rock
938,reggae
939,classical
940,classical
941,indie_alt
942,hiphop
943,rock
944,latin
945,romance
946,classical
947,metal
948,indie_alt
949,hiphop
950,reggae
951,latin
952,rock
953,indie_alt
954,indie_alt
955,party
956,romance
957,punk
958,classical
959,latin
960,blues
961,romance
962,rock
963,rock
964,metal
965,metal
966,jazz
967,indie_alt
968,latin
969,country
970,metal
971,punk
972,romance
973,classical
974,reggae
975,latin
976,funk
977,party
978,rock
979,jazz
980,metal
981,classical
982,classical
983,rock
984,classical
985,classical
986,classical
987,indie_alt
988,romance
989,latin
990,punk
991,blues
992,hiphop
993,blues
994,pop
995,rock
996,romance
997,jazz
998,party
999,funk
1000,latin
1001,latin
1002,indie_alt
1003,hiphop
1004,party
1005,country
1006,metal
1007,blues
1008,indie_alt
1009,latin
1010,latin
1011,reggae
1012,latin
1013,country
1014,romance
1015,metal
1016,classical
1017,indie_alt
1018,country
1019,rock
1020,latin
1021,latin
1022,jazz
1023,latin
1024,classical
1025,party
1026,rock
1027,metal
1028,rock
1029,metal
1030,latin
1031,metal
1032,funk
1033,indie_alt
1034,romance
1035,classical
1036,classical
1037,hiphop
1038,latin
1039,indie_alt
1040,blues
1041,romance
1042,metal
1043,jazz
1044,metal
1045,classical
1046,classical
1047,rock
1048,indie_alt
1049,rock
1050,hiphop
1051,rock
1052,latin
1053,party
1054,latin
1055,indie_alt
1056,country
1057,classical
1058,classical
1059,classical
1060,romance
1061,hiphop
1062,metal
1063,romance
1064,indie_alt
1065,hiphop
1066,country
1067,latin
1068,indie_alt
1069,latin
1070,blues
1071,punk
1072,metal
1073,metal
1074,rock
1075,indie_alt
1076,hiphop
1077,metal
1078,latin
1079,indie_alt
1080,country
1081,funk
1082,country
1083,indie_alt
1084,romance
1085,romance
1086,rock
1087,party
1088,rock
1089,metal
1090,classical
1091,blues
1092,romance
1093,classical
1094,classical
1095,latin
1096,classical
1097,classical
1098,classical
1099,metal
1100,classical
1101,blues
1102,classical
1103,funk
1104,indie_alt
1105,indie_alt
1106,country
1107,hiphop
1108,metal
1109,latin
1110,indie_alt
1111,romance
1112,latin
1113,latin
1114,indie_alt
1115,latin
1116,classical
1117,classical
1118,classical
1119,hiphop
1120,hiphop
1121,classical
1122,funk
1123,classical
1124,latin
1125,country
1126,party
1127,indie_alt
1128,metal
1129,latin
1130,metal
1131,funk
1132,funk
1133,indie_alt
1134,latin
1135,classical
1136,metal
1137,latin
1138,funk
1139,rock
1140,classical
1141,pop
1142,blues
1143,funk
1144,latin
1145,indie_alt
1146,romance
1147,metal
1148,country
1149,metal
1150,classical
1151,jazz
1152,classical
1153,party
1154,latin
1155,hiphop
1156,classical
1157,jazz
1158,indie_alt
1159,indie_alt
1160,jazz
1161,metal
1162,indie_alt
1163,hiphop
1164,hiphop
1165,jazz
1166,indie_alt
1167,reggae
1168,indie_alt
1169,classical
1170,rock
1171,jazz
1172,latin
1173,country
1174,metal
1175,pop
1176,romance
1177,classical
1178,indie_alt
1179,rock
1180,latin
1181,latin
1182,latin
1183,indie_alt
1184,latin
1185,blues
1186,country
1187,reggae
1188,blues
1189,classical
1190,romance
1191,party
1192,hiphop
1193,indie_alt
1194,metal
1195,funk
1196,romance
1197,pop
1198,indie_alt
1199,classical
1200,punk
1201,classical
1202,rock
1203,metal
1204,indie_alt
1205,indie_alt
1206,latin
1207,latin
1208,classical
1209,romance
1210,hiphop
1211,classical
1212,metal
1213,country
1214,rock
1215,indie_alt
1216,classical
1217,classical
1218,latin
1219,indie_alt
1220,party
1221,country
1222,metal
1223,classical
1224,jazz
1225,classical
1226,latin
1227,latin
1228,reggae
1229,country
1230,classical
1231,hiphop
1232,country
1233,indie_alt
1234,metal
1235,metal
1236,indie_alt
1237,rock
1238,metal
1239,party
1240,indie_alt
1241,metal
1242,jazz
1243,country
1244,metal
1245,jazz
1246,metal
1247,country
1248,metal
1249,hiphop
1250,party
1251,jazz
1252,party
1253,party
1254,country
1255,country
1256,classical
1257,jazz
1258,latin
1259,rock
1260,metal
1261,indie_alt
1262,classical
1263,rock
1264,rock
1265,jazz
1266,metal
1267,classical
1268,latin
1269,country
1270,classical
1271,pop
1272,country
1273,indie_alt
1274,metal
1275,latin
1276,rock
1277,latin
1278,latin
1279,jazz
1280,metal
1281,hiphop
1282,romance
1283,indie_alt
1284,romance
1285,romance
1286,romance
1287,pop
1288,pop
1289,indie_alt
1290,hiphop
1291,romance
1292,classical
1293,romance
1294,latin
1295,party
1296,country
1297,latin
1298,hiphop
1299,hiphop
1300,indie_alt
1301,latin
1302,rock
1303,latin
1304,rock
1305,romance
1306,latin
1307,indie_alt
1308,jazz
1309,latin
1310,latin
1311,metal
1312,classical
1313,classical
1314,hiphop
1315,party
1316,classical
1317,metal
1318,metal
1319,classical
1320,rock
1321,latin
1322,party
1323,latin
1324,indie_alt
1325,country
1326,classical
1327,indie_alt
1328,rock
1329,latin
1330,hiphop
1331,classical
1332,jazz
1333,classical
1334,classical
1335,latin
1336,romance
1337,classical
1338,classical
1339,metal
1340,metal
1341,metal
1342,hiphop
1343,country
1344,hiphop
1345,latin
1346,latin
1347,latin
1348,metal
1349,jazz
1350,funk
1351,hiphop
1352,metal
1353,latin
1354,metal
1355,romance
1356,jazz
1357,blues
1358,hiphop
1359,indie_alt
1360,party
1361,classical
1362,jazz
1363,punk
1364,indie_alt
1365,rock
1366,latin
1367,romance
1368,indie_alt
1369,indie_alt
1370,funk
1371,latin
1372,blues
1373,hiphop
1374,metal
1375,funk
1376,metal
1377,classical
1378,classical
1379,metal
1380,classical
1381,indie_alt
1382,blues
1383,country
1384,rock
1385,funk
1386,latin
1387,romance
1388,funk
1389,reggae
1390,indie_alt
1391,metal
1392,jazz
1393,rock
1394,latin
1395,country
1396,hiphop
1397,latin
1398,classical
1399,latin
1400,romance
1401,classical
1402,indie_alt
1403,jazz
1404,metal
1405,metal
1406,latin
1407,latin
1408,romance
1409,classical
1410,romance
1411,latin
1412,indie_alt
1413,classical
1414,classical
1415,jazz
1416,classical
1417,rock
1418,classical
1419,rock
1420,classical
1421,latin
1422,classical
1423,metal
1424,classical
1425,jazz
1426,party
1427,metal
1428,classical
1429,hiphop
1430,rock
1431,indie_alt
1432,country
1433,funk
1434,party
1435,blues
1436,romance
1437,hiphop
1438,punk
1439,jazz
1440,metal
1441,classical
1442,party
1443,metal
1444,metal
1445,classical
1446,hiphop
1447,rock
1448,latin
1449,latin
1450,funk
1451,reggae
1452,funk
1453,jazz
1454,classical
1455,latin
1456,metal
1457,reggae
1458,classical
1459,hiphop
1460,rock
1461,classical
1462,jazz
1463,latin
1464,rock
1465,metal
1466,country
1467,pop
1468,blues
1469,funk
1470,hiphop
1471,indie_alt
1472,latin
1473,indie_alt
1474,romance
1475,hiphop
1476,rock
1477,hiphop
1478,metal
1479,indie_alt
1480,latin
1481,rock
1482,indie_alt
1483,indie_alt
1484,classical
1485,hiphop
1486,indie_alt
1487,party
1488,classical
1489,indie_alt
1490,blues
1491,romance
1492,pop
1493,classical
1494,rock
1495,rock
1496,party
1497,jazz
1498,indie_alt
1499,party
1500,classical
1501,classical
1502,blues
1503,rock
1504,latin
1505,metal
1506,metal
1507,jazz
1508,pop
1509,metal
1510,rock
1511,classical
1512,indie_alt
1513,reggae
1514,funk
1515,funk
1516,indie_alt
1517,rock
1518,romance
1519,classical
1520,indie_alt
1521,jazz
1522,country
1523,metal
1524,hiphop
1525,indie_alt
1526,metal
1527,jazz
1528,indie_alt
1529,country
1530,indie_alt
1531,country
1532,latin
1533,jazz
1534,metal
1535,indie_alt
1536,metal
1537,blues
1538,classical
1539,classical
1540,rock
1541,classical
1542,jazz
1543,latin
1544,classical
1545,latin
1546,indie_alt
1547,metal
1548,rock
1549,hiphop
1550,latin
1551,classical
1552,funk
1553,latin
1554,country
1555,jazz
1556,country
1557,hiphop
1558,country
1559,metal
1560,classical
1561,latin
1562,indie_alt
1563,hiphop
1564,classical
1565,jazz
1566,latin
1567,hiphop
1568,reggae
1569,metal
1570,country
1571,indie_alt
1572,hiphop
1573,hiphop
1574,metal
1575,funk
1576,indie_alt
1577,indie_alt
1578,latin
1579,metal
1580,blues
1581,metal
1582,metal
1583,indie_alt
1584,rock
1585,latin
1586,country
1587,indie_alt
1588,jazz
1589,latin
1590,funk
1591,party
1592,reggae
1593,pop
1594,metal
1595,metal
1596,indie_alt
1597,classical
1598,classical
1599,latin
1600,jazz
1601,latin
1602,latin
1603,country
1604,classical
1605,pop
1606,classical
1607,country
1608,romance
1609,punk
1610,latin
1611,indie_alt
1612,blues
1613,blues
1614,metal
1615,indie_alt
1616,country
1617,romance
1618,pop
1619,blues
1620,romance
1621,punk
1622,funk
1623,jazz
1624,country
1625,classical
1626,indie_alt
1627,indie_alt
1628,classical
1629,punk
1630,country
1631,rock
1632,indie_alt
1633,metal
1634,party
1635,metal
1636,indie_alt
1637,rock
1638,country
1639,hiphop
1640,jazz
1641,latin
1642,party
1643,latin
1644,rock
1645,romance
1646,metal
1647,party
1648,jazz
1649,jazz
1650,classical
1651,hiphop
1652,classical
1653,classical
1654,hiphop
1655,indie_alt
1656,metal
1657,party
1658,blues
1659,blues
1660,indie_alt
1661,romance
1662,metal
1663,metal
1664,classical
1665,country
1666,party
1667,metal
1668,classical
1669,country
1670,reggae
1671,funk
1672,pop
1673,classical
1674,blues
1675,indie_alt
1676,classical
1677,indie_alt
1678,funk
1679,latin
1680,jazz
1681,jazz
1682,jazz
1683,classical
1684,romance
1685,hiphop
1686,metal
1687,hiphop
1688,metal
1689,classical
1690,party
1691,latin
1692,latin
1693,classical
1694,reggae
1695,latin
1696,jazz
1697,party
1698,rock
1699,latin
1700,latin
1701,reggae
1702,classical
1703,jazz
1704,indie_alt
1705,latin
1706,hiphop
1707,latin
1708,jazz
1709,classical
1710,country
1711,indie_alt
1712,jazz
1713,romance
1714,latin
1715,romance
1716,metal
1717,classical
1718,metal
1719,metal
1720,classical
1721,punk
1722,reggae
1723,funk
1724,classical
1725,romance
1726,metal
1727,blues
1728,classical
1729,classical
1730,jazz
1731,indie_alt
1732,metal
1733,jazz
1734,rock
1735,indie_alt
1736,country
1737,blues
1738,country
1739,pop
1740,country
1741,latin
1742,latin
1743,reggae
1744,latin
1745,metal
1746,classical
1747,latin
1748,metal
1749,romance
1750,funk
1751,rock
1752,party
1753,party
1754,metal
1755,party
1756,metal
1757,latin
1758,indie_alt
1759,latin
1760,romance
1761,latin
1762,jazz
1763,classical
1764,jazz
1765,indie_alt
1766,classical
1767,jazz
1768,hiphop
1769,metal
1770,hiphop
1771,classical
1772,classical
1773,latin
1774,romance
1775,metal
1776,indie_alt
1777,rock
1778,metal
1779,jazz
1780,funk
1781,classical
1782,hiphop
1783,metal
1784,jazz
1785,hiphop
1786,metal
1787,reggae
1788,metal
1789,romance
1790,party
1791,latin
1792,latin
1793,latin
1794,latin
1795,romance
1796,latin
1797,jazz
1798,metal
1799,country
1800,country
1801,metal
1802,hiphop
1803,latin
1804,reggae
1805,rock
1806,indie_alt
1807,jazz
1808,indie_alt
1809,funk
1810,classical
1811,latin
1812,indie_alt
1813,metal
1814,classical
1815,indie_alt
1816,metal
1817,classical
1818,latin
1819,latin
1820,hiphop
1821,funk
1822,party
1823,hiphop
1824,romance
1825,funk
1826,indie_alt
1827,classical
1828,party
1829,funk
1830,jazz
1831,rock
1832,indie_alt
1833,rock
1834,metal
1835,latin
1836,hiphop
1837,funk
1838,latin
1839,pop
1840,country
1841,classical
1842,metal
1843,classical
1844,jazz
1845,funk
1846,pop
1847,blues
1848,funk
1849,classical
1850,metal
1851,hiphop
1852,indie_alt
1853,classical
1854,metal
1855,romance
1856,classical
1857,indie_alt
1858,jazz
1859,latin
1860,romance
1861,classical
1862,country
1863,classical
1864,classical
1865,blues
1866,classical
1867,rock
1868,classical
1869,indie_alt
1870,reggae
1871,rock
1872,classical
1873,party
1874,funk
1875,classical
1876,metal
1877,jazz
1878,hiphop
1879,country
1880,indie_alt
1881,classical
1882,indie_alt
1883,latin
1884,latin
1885,romance
1886,reggae
1887,romance
1888,blues
1889,romance
1890,latin
1891,metal
1892,metal
1893,romance
1894,funk
1895,indie_alt
1896,rock
1897,latin
1898,metal
1899,latin
1900,rock
1901,reggae
1902,indie_alt
1903,indie_alt
1904,indie_alt
1905,metal
1906,funk
1907,blues
1908,jazz
1909,blues
1910,latin
1911,rock
1912,classical
1913,funk
1914,rock
1915,hiphop
1916,classical
1917,romance
1918,jazz
1919,metal
1920,funk
1921,party
1922,metal
1923,country
1924,pop
1925,classical
1926,latin
1927,rock
1928,indie_alt
1929,hiphop
1930,classical
1931,hiphop
1932,rock
1933,classical
1934,romance
1935,rock
1936,hiphop
1937,hiphop
1938,metal
1939,indie_alt
1940,classical
1941,latin
1942,metal
1943,classical
1944,classical
1945,rock
1946,classical
1947,rock
1948,metal
1949,indie_alt
1950,classical
1951,jazz
1952,rock
1953,latin
1954,romance
1955,party
1956,funk
1957,pop
1958,country
1959,classical
1960,classical
1961,hiphop
1962,latin
1963,latin
1964,latin
1965,hiphop
1966,metal
1967,latin
1968,latin
1969,funk
1970,classical
1971,pop
1972,metal
1973,pop
1974,jazz
1975,pop
1976,metal
1977,metal
1978,jazz
1979,classical
1980,metal
1981,funk
1982,funk
1983,indie_alt
1984,country
1985,latin
1986,country
1987,indie_alt
1988,latin
1989,pop
1990,jazz
1991,classical
1992,latin
1993,party
1994,metal
1995,latin
1996,metal
1997,latin
1998,classical
1999,romance
2000,party
2001,hiphop
2002,indie_alt
2003,latin
2004,jazz
2005,classical
2006,jazz
2007,classical
2008,latin
2009,indie_alt
2010,rock
2011,indie_alt
2012,indie_alt
2013,latin
2014,metal
2015,latin
2016,indie_alt
2017,funk
2018,classical
2019,indie_alt
2020,blues
2021,jazz
2022,indie_alt
2023,pop
2024,indie_alt
2025,classical
2026,indie_alt
2027,latin
2028,metal
2029,funk
2030,funk
2031,metal
2032,latin
2033,classical
2034,metal
2035,classical
2036,indie_alt
2037,classical
2038,romance
2039,indie_alt
2040,metal
2041,hiphop
2042,funk
2043,romance
2044,hiphop
2045,punk
2046,jazz
2047,jazz
2048,jazz
2049,classical
2050,jazz
2051,jazz
2052,classical
2053,metal
2054,classical
2055,rock
2056,classical
2057,pop
2058,metal
2059,punk
2060,jazz
2061,hiphop
2062,metal
2063,reggae
2064,funk
2065,classical
2066,romance
2067,classical
2068,country
2069,rock
2070,indie_alt
2071,jazz
2072,latin
2073,metal
2074,country
2075,rock
2076,latin
2077,romance
2078,indie_alt
2079,indie_alt
2080,blues
2081,indie_alt
2082,classical
2083,punk
2084,jazz
2085,rock
2086,party
2087,metal
2088,latin
2089,jazz
2090,punk
2091,jazz
2092,metal
2093,hiphop
2094,classical
2095,classical
2096,jazz
2097,metal
2098,latin
2099,jazz
2100,country
2101,indie_alt
2102,latin
2103,romance
2104,rock
2105,classical
2106,indie_alt
2107,funk
2108,funk
2109,metal
2110,jazz
2111,party
2112,latin
2113,romance
2114,romance
2115,jazz
2116,indie_alt
2117,classical
2118,romance
2119,classical
2120,metal
2121,classical
2122,blues
2123,hiphop
2124,metal
2125,classical
2126,latin
2127,indie_alt
2128,classical
2129,classical
2130,metal
2131,latin
2132,metal
2133,pop
2134,blues
2135,latin
2136,classical
2137,jazz
2138,rock
2139,metal
2140,latin
2141,indie_alt
2142,classical
2143,jazz
2144,romance
2145,classical
2146,latin
2147,romance
2148,metal
2149,rock
2150,classical
2151,latin
2152,reggae
2153,jazz
2154,hiphop
2155,party
2156,romance
2157,country
2158,party
2159,rock
2160,blues
2161,funk
2162,latin
2163,romance
2164,metal
2165,country
2166,funk
2167,hiphop
2168,jazz
2169,latin
2170,party
2171,classical
2172,romance
2173,party
2174,latin
2175,indie_alt
2176,funk
2177,metal
2178,indie_alt
2179,metal
2180,jazz
2181,hiphop
2182,classical
2183,jazz
2184,indie_alt
2185,romance
2186,latin
2187,funk
2188,classical
2189,jazz
2190,classical
2191,metal
2192,funk
2193,classical
2194,classical
2195,metal
2196,hiphop
2197,funk
2198,metal
2199,hiphop
2200,jazz
2201,latin
2202,classical
2203,romance
2204,indie_alt
2205,classical
2206,jazz
2207,funk
2208,indie_alt
2209,indie_alt
2210,funk
2211,latin
2212,romance
2213,romance
2214,party
2215,metal
2216,metal
2217,pop
2218,funk
2219,latin
2220,classical
2221,rock
2222,metal
2223,latin
2224,funk
2225,classical
2226,jazz
2227,classical
2228,metal
2229,classical
2230,metal
2231,metal
2232,funk
2233,latin
2234,metal
2235,indie_alt
2236,classical
2237,indie_alt
2238,classical
2239,hiphop
2240,funk
2241,blues
2242,rock
2243,latin
2244,metal
2245,metal
2246,hiphop
2247,jazz
2248,indie_alt
2249,classical
2250,classical
2251,jazz
2252,classical
2253,romance
2254,metal
2255,jazz
2256,funk
2257,jazz
2258,indie_alt
2259,latin
2260,rock
2261,classical
2262,hiphop
2263,classical
2264,latin
2265,party
2266,party
2267,hiphop
2268,indie_alt
2269,hiphop
2270,latin
2271,hiphop
2272,latin
2273,classical
2274,latin
2275,funk
2276,latin
2277,metal
2278,indie_alt
2279,blues
2280,pop
2281,metal
2282,indie_alt
2283,reggae
2284,blues
2285,indie_alt
2286,metal
2287,latin
2288,metal
2289,latin
2290,rock
2291,funk
2292,jazz
2293,jazz
2294,indie_alt
2295,latin
2296,party
2297,latin
2298,reggae
2299,punk
2300,party
2301,jazz
2302,latin
2303,country
2304,hiphop
2305,indie_alt
2306,rock
2307,classical
2308,classical
2309,hiphop
2310,jazz
2311,hiphop
2312,latin
2313,latin
2314,latin
2315,reggae
2316,jazz
2317,classical
2318,metal
2319,latin
2320,blues
2321,indie_alt
2322,romance
2323,jazz
2324,country
2325,indie_alt
2326,romance
2327,indie_alt
2328,classical
2329,classical
2330,metal
2331,metal
2332,classical
2333,funk
2334,indie_alt
2335,metal
2336,country
2337,latin
2338,romance
2339,romance
2340,classical
2341,metal
2342,country
2343,latin
2344,funk
2345,indie_alt
2346,latin
2347,latin
2348,hiphop
2349,classical
2350,indie_alt
2351,indie_alt
2352,metal
2353,classical
2354,romance
2355,indie_alt
2356,indie_alt
2357,reggae
2358,romance
2359,metal
2360,country
2361,blues
2362,pop
2363,romance
2364,classical
2365,classical
2366,hiphop
2367,latin
2368,metal
2369,latin
2370,metal
2371,indie_alt
2372,rock
2373,jazz
2374,rock
2375,latin
2376,indie_alt
2377,classical
2378,metal
2379,indie_alt
2380,latin
2381,metal
2382,romance
2383,indie_alt
2384,indie_alt
2385,indie_alt
2386,latin
2387,classical
2388,hiphop
2389,hiphop
2390,classical
2391,rock
2392,latin
2393,latin
2394,hiphop
2395,indie_alt
2396,classical
2397,metal
2398,funk
2399,latin
2400,party
2401,hiphop
2402,romance
2403,jazz
2404,metal
2405,blues
2406,latin
2407,latin
2408,indie_alt
2409,metal
2410,hiphop
2411,indie_alt
2412,latin
2413,jazz
2414,indie_alt
2415,party
2416,metal
2417,metal
2418,hiphop
2419,latin
2420,metal
2421,indie_alt
2422,metal
2423,indie_alt
2424,latin
2425,country
2426,punk
2427,latin
2428,indie_alt
2429,romance
2430,latin
2431,metal
2432,country
2433,jazz
2434,party
2435,rock
2436,indie_alt
2437,latin
2438,classical
2439,jazz
2440,rock
2441,party
2442,metal
2443,latin
2444,rock
2445,metal
2446,metal
2447,latin
2448,indie_alt
2449,rock
2450,metal
2451,metal
2452,latin
2453,hiphop
2454,country
2455,rock
2456,latin
2457,party
2458,indie_alt
2459,romance
2460,jazz
2461,latin
2462,party
2463,country
2464,metal
2465,romance
2466,latin
2467,indie_alt
2468,hiphop
2469,country
2470,indie_alt
2471,classical
2472,classical
2473,indie_alt
2474,blues
2475,classical
2476,party
2477,classical
2478,party
2479,romance
2480,indie_alt
2481,latin
2482,romance
2483,rock
2484,rock
2485,classical
2486,hiphop
2487,latin
2488,latin
2489,funk
2490,metal
2491,metal
2492,indie_alt
2493,romance
2494,classical
2495,jazz
2496,funk
2497,rock
2498,metal
2499,pop
2500,funk
2501,jazz
2502,funk
2503,metal
2504,latin
2505,classical
2506,indie_alt
2507,indie_alt
2508,classical
2509,metal
2510,classical
2511,latin
2512,metal
2513,indie_alt
2514,latin
2515,metal
2516,hiphop
2517,latin
2518,indie_alt
2519,latin
2520,rock
2521,punk
2522,indie_alt
2523,classical
2524,rock
2525,country
2526,indie_alt
2527,country
2528,jazz
2529,country
2530,rock
2531,metal
2532,romance
2533,party
2534,jazz
2535,indie_alt
2536,romance
2537,classical
2538,latin
2539,metal
2540,classical
2541,country
2542,rock
2543,hiphop
2544,romance
2545,latin
2546,romance
2547,rock
2548,hiphop
2549,latin
2550,classical
2551,indie_alt
2552,indie_alt
2553,metal
2554,classical
2555,country
2556,punk
2557,romance
2558,country
2559,pop
2560,funk
2561,indie_alt
2562,country
2563,indie_alt
2564,jazz
2565,classical
2566,blues
2567,hiphop
2568,funk
2569,country
2570,classical
2571,metal
2572,indie_alt
2573,country
2574,classical
2575,classical
2576,romance
2577,indie_alt
2578,metal
2579,romance
2580,indie_alt
2581,punk
2582,jazz
2583,rock
2584,latin
2585,jazz
2586,romance
2587,indie_alt
2588,classical
2589,blues
2590,reggae
2591,party
2592,country
2593,hiphop
2594,metal
2595,metal
2596,party
2597,classical
2598,romance
2599,classical
2600,romance
2601,hiphop
2602,latin
2603,party
2604,country
2605,country
2606,indie_alt
2607,funk
2608,hiphop
2609,country
2610,jazz
2611,latin
2612,rock
2613,classical
2614,pop
2615,classical
2616,indie_alt
2617,classical
2618,country
2619,classical
2620,latin
2621,funk
2622,rock
2623,indie_alt
2624,classical
2625,metal
2626,hiphop
2627,classical
2628,latin
2629,romance
2630,funk
2631,jazz
2632,funk
2633,latin
2634,latin
2635,latin
2636,indie_alt
2637,classical
2638,rock
2639,funk
2640,classical
2641,reggae
2642,hiphop
2643,hiphop
2644,jazz
2645,metal
2646,jazz
2647,metal
2648,pop
2649,latin
2650,jazz
2651,funk
2652,party
2653,funk
2654,classical
2655,latin
2656,jazz
2657,hiphop
2658,country
2659,classical
2660,metal
2661,jazz
2662,romance
2663,metal
2664,latin
2665,classical
2666,jazz
2667,jazz
2668,metal
2669,jazz
2670,reggae
2671,jazz
2672,latin
2673,latin
2674,reggae
2675,funk
2676,metal
2677,indie_alt
2678,latin
2679,jazz
2680,rock
2681,metal
2682,rock
2683,metal
2684,latin
2685,hiphop
2686,romance
2687,indie_alt
2688,pop
2689,rock
2690,hiphop
2691,funk
2692,indie_alt
2693,country
2694,metal
2695,latin
2696,jazz
2697,latin
2698,latin
2699,funk
2700,metal
2701,indie_alt
2702,metal
2703,metal
2704,romance
2705,metal
2706,indie_alt
2707,rock
2708,metal
2709,funk
2710,rock
2711,jazz
2712,funk
2713,classical
2714,metal
2715,romance
2716,party
2717,metal
2718,classical
2719,jazz
2720,classical
2721,metal
2722,party
2723,indie_alt
2724,indie_alt
2725,metal
2726,classical
2727,hiphop
2728,metal
2729,blues
2730,country
2731,punk
2732,classical
2733,classical
2734,rock
2735,classical
2736,classical
2737,classical
2738,party
2739,classical
2740,classical
2741,funk
2742,latin
2743,funk
2744,metal
2745,metal
2746,indie_alt
2747,reggae
2748,party
2749,blues
2750,classical
2751,metal
2752,metal
2753,classical
2754,hiphop
2755,metal
2756,pop
2757,party
2758,latin
2759,latin
2760,classical
2761,blues
2762,classical
2763,classical
2764,country
2765,metal
2766,metal
2767,jazz
2768,classical
2769,jazz
2770,metal
2771,indie_alt
2772,latin
2773,metal
2774,latin
2775,funk
2776,funk
2777,country
2778,latin
2779,romance
2780,metal
2781,classical
2782,romance
2783,latin
2784,classical
2785,romance
2786,indie_alt
2787,classical
2788,latin
2789,latin
2790,classical
2791,metal
2792,pop
2793,indie_alt
2794,romance
2795,pop
2796,blues
2797,metal
2798,classical
2799,metal
2800,jazz
2801,rock
2802,classical
2803,latin
2804,funk
2805,metal
2806,classical
2807,jazz
2808,funk
2809,metal
2810,country
2811,reggae
2812,classical
2813,indie_alt
2814,classical
2815,hiphop
2816,latin
2817,romance
2818,classical
2819,jazz
2820,indie_alt
2821,country
2822,jazz
2823,indie_alt
2824,funk
2825,jazz
2826,latin
2827,punk
2828,romance
2829,indie_alt
2830,classical
2831,jazz
2832,latin
2833,latin
2834,metal
2835,metal
2836,party
2837,classical
2838,classical
2839,indie_alt
2840,hiphop
2841,romance
2842,classical
2843,latin
2844,classical
2845,metal
2846,country
2847,metal
2848,latin
2849,reggae
2850,latin
2851,rock
2852,classical
2853,classical
2854,country
2855,hiphop
2856,reggae
2857,rock
2858,country
2859,rock
2860,country
2861,metal
2862,classical
2863,funk
2864,jazz
2865,funk
2866,classical
2867,classical
2868,rock
2869,classical
2870,latin
2871,metal
2872,hiphop
2873,classical
2874,country
2875,latin
2876,indie_alt
2877,metal
2878,latin
2879,latin
2880,romance
2881,metal
2882,latin
2883,latin
2884,latin
2885,classical
2886,classical
2887,country
2888,punk
2889,funk
2890,classical
2891,country
2892,metal
2893,rock
2894,latin
2895,rock
2896,jazz
2897,metal
2898,romance
2899,classical
2900,metal
2901,latin
2902,metal
2903,funk
2904,classical
2905,classical
2906,latin
2907,metal
2908,jazz
2909,latin
2910,indie_alt
2911,latin
2912,metal
2913,reggae
2914,romance
2915,classical
2916,latin
2917,indie_alt
2918,blues
2919,country
2920,latin
2921,party
2922,latin
2923,romance
2924,metal
2925,classical
2926,blues
2927,hiphop
2928,indie_alt
2929,country
2930,latin
2931,metal
2932,rock
2933,latin
2934,indie_alt
2935,latin
2936,jazz
2937,hiphop
2938,country
2939,country
2940,romance
2941,latin
2942,classical
2943,funk
2944,latin
2945,indie_alt
2946,classical
2947,latin
2948,latin
2949,funk
2950,classical
2951,latin
2952,indie_alt
2953,classical
2954,latin
2955,jazz
2956,latin
2957,romance
2958,metal
2959,classical
2960,indie_alt
2961,classical
2962,indie_alt
2963,romance
2964,jazz
2965,indie_alt
2966,romance
2967,metal
2968,country
2969,classical
2970,hiphop
2971,jazz
2972,classical
2973,country
2974,jazz
2975,metal
2976,metal
2977,romance
2978,metal
2979,metal
2980,indie_alt
2981,hiphop
2982,jazz
2983,jazz
2984,latin
2985,country
2986,metal
2987,romance
2988,hiphop
2989,country
2990,metal
2991,classical
2992,latin
2993,rock
2994,metal
2995,country
2996,metal
2997,latin
2998,classical
2999,latin
3000,party
3001,classical
3002,hiphop
3003,country
3004,funk
3005,latin
3006,pop
3007,jazz
3008,hiphop
3009,latin
3010,funk
3011,party
3012,metal
3013,metal
3014,latin
3015,jazz
3016,latin
3017,hiphop
3018,indie_alt
3019,latin
3020,latin
3021,party
3022,classical
3023,blues
3024,classical
3025,party
3026,hiphop
3027,country
3028,indie_alt
3029,classical
3030,metal
3031,party
3032,jazz
3033,rock
3034,rock
3035,latin
3036,metal
3037,latin
3038,reggae
3039,blues
3040,country
3041,romance
3042,latin
3043,reggae
3044,reggae
3045,hiphop
3046,latin
3047,classical
3048,classical
3049,metal
3050,metal
3051,classical
3052,metal
3053,classical
3054,jazz
3055,metal
3056,classical
3057,country
3058,party
3059,indie_alt
3060,indie_alt
3061,romance
3062,jazz
3063,metal
3064,classical
3065,latin
3066,classical
3067,latin
3068,latin
3069,jazz
3070,indie_alt
3071,classical
3072,latin
3073,classical
3074,country
3075,metal
3076,country
3077,rock
3078,romance
3079,jazz
3080,funk
3081,latin
3082,country
3083,metal
3084,metal
3085,latin
3086,blues
3087,jazz
3088,jazz
3089,blues
3090,indie_alt
3091,classical
3092,metal
3093,jazz
3094,metal
3095,classical
3096,classical
3097,latin
3098,metal
3099,romance
3100,funk
3101,jazz
3102,pop
3103,indie_alt
3104,country
3105,romance
3106,classical
3107,latin
3108,latin
3109,classical
3110,funk
3111,latin
3112,classical
3113,classical
3114,hiphop
3115,latin
3116,classical
3117,hiphop
3118,metal
3119,classical
3120,punk
3121,metal
3122,metal
3123,hiphop
3124,latin
3125,romance
3126,country
3127,romance
3128,punk
3129,jazz
3130,classical
3131,jazz
3132,romance
3133,rock
3134,metal
3135,classical
3136,jazz
3137,jazz
3138,indie_alt
3139,classical
3140,metal
3141,party
3142,party
3143,indie_alt
3144,metal
3145,hiphop
3146,latin
3147,jazz
3148,country
3149,classical
3150,metal
3151,classical
3152,rock
3153,hiphop
3154,jazz
3155,blues
3156,metal
3157,hiphop
3158,metal
3159,latin
3160,blues
3161,funk
3162,latin
3163,blues
3164,funk
3165,indie_alt
3166,punk
3167,reggae
3168,hiphop
3169,country
3170,classical
3171,rock
3172,romance
3173,romance
3174,romance
3175,latin
3176,blues
3177,country
3178,indie_alt
3179,metal
3180,jazz
3181,indie_alt
3182,classical
3183,metal
3184,country
3185,hiphop
3186,indie_alt
3187,classical
3188,rock
3189,blues
3190,indie_alt
3191,funk
3192,classical
3193,country
3194,jazz
3195,rock
3196,country
3197,rock
3198,blues
3199,latin
3200,classical
3201,romance
3202,indie_alt
3203,indie_alt
3204,hiphop
3205,hiphop
3206,metal
3207,latin
3208,latin
3209,metal
3210,country
3211,latin
3212,rock
3213,jazz
3214,jazz
3215,classical
3216,rock
3217,classical
3218,latin
3219,classical
3220,country
3221,hiphop
3222,classical
3223,hiphop
3224,funk
3225,romance
3226,metal
3227,hiphop
3228,metal
3229,metal
3230,funk
3231,indie_alt
3232,latin
3233,romance
3234,metal
3235,metal
3236,blues
3237,classical
3238,classical
3239,party
3240,jazz
3241,jazz
3242,hiphop
3243,romance
3244,metal
3245,classical
3246,jazz
3247,metal
3248,jazz
3249,funk
3250,latin
3251,country
3252,romance
3253,classical
3254,rock
3255,romance
3256,latin
3257,country
3258,rock
3259,hiphop
3260,punk
3261,metal
3262,classical
3263,metal
3264,country
3265,latin
3266,country
3267,classical
3268,funk
3269,jazz
3270,country
3271,jazz
3272,pop
3273,latin
3274,rock
3275,indie_alt
3276,metal
3277,indie_alt
3278,romance
3279,funk
3280,latin
3281,metal
3282,latin
3283,country
3284,rock
3285,punk
3286,country
3287,hiphop
3288,metal
3289,metal
3290,latin
3291,indie_alt
3292,rock
3293,metal
3294,metal
3295,metal
3296,hiphop
3297,classical
3298,funk
3299,indie_alt
3300,classical
3301,metal
3302,indie_alt
3303,classical
3304,rock
3305,metal
3306,classical
3307,reggae
3308,rock
3309,funk
3310,rock
3311,punk
3312,country
3313,classical
3314,country
3315,indie_alt
3316,metal
3317,classical
3318,classical
3319,funk
3320,metal
3321,latin
3322,funk
3323,metal
3324,indie_alt
3325,classical
3326,classical
3327,romance
3328,blues
3329,rock
3330,rock
3331,hiphop
3332,metal
3333,jazz
3334,pop
3335,indie_alt
3336,classical
3337,classical
3338,latin
3339,hiphop
3340,classical
3341,latin
3342,funk
3343,classical
3344,classical
3345,latin
3346,indie_alt
3347,metal
3348,romance
3349,classical
3350,classical
3351,indie_alt
3352,jazz
3353,pop
3354,rock
3355,metal
3356,indie_alt
3357,indie_alt
3358,classical
3359,classical
3360,classical
3361,metal
3362,latin
3363,latin
3364,classical
3365,indie_alt
3366,indie_alt
3367,hiphop
3368,classical
3369,indie_alt
3370,jazz
3371,jazz
3372,latin
3373,metal
3374,hiphop
3375,reggae
3376,jazz
3377,punk
3378,jazz
3379,funk
3380,classical
3381,metal
3382,country
3383,jazz
3384,metal
3385,hiphop
3386,classical
3387,classical
3388,rock
3389,classical
3390,party
3391,latin
3392,romance
3393,latin
3394,classical
3395,metal
3396,latin
3397,romance
3398,classical
3399,classical
3400,metal
3401,metal
3402,classical
3403,funk
3404,pop
3405,party
3406,jazz
3407,jazz
3408,latin
3409,jazz
3410,blues
3411,indie_alt
3412,rock
3413,latin
3414,classical
3415,latin
3416,latin
3417,romance
3418,latin
3419,jazz
3420,metal
3421,pop
3422,latin
3423,latin
3424,classical
3425,country
3426,romance
3427,romance
3428,classical
3429,latin
3430,reggae
3431,rock
3432,metal
3433,romance
3434,indie_alt
3435,latin
3436,indie_alt
3437,jazz
3438,jazz
3439,latin
3440,classical
3441,indie_alt
3442,indie_alt
3443,metal
3444,latin
3445,classical
3446,metal
3447,romance
3448,classical
3449,latin
3450,country
3451,hiphop
3452,classical
3453,indie_alt
3454,romance
3455,party
3456,pop
3457,reggae
3458,indie_alt
3459,classical
3460,jazz
3461,romance
3462,latin
3463,funk
3464,indie_alt
3465,metal
3466,metal
3467,jazz
3468,latin
3469,rock
3470,rock
3471,jazz
3472,classical
3473,classical
3474,party
3475,romance
3476,hiphop
3477,indie_alt
3478,pop
3479,indie_alt
3480,jazz
3481,funk
3482,latin
3483,party
3484,indie_alt
3485,latin
3486,metal
3487,classical
3488,latin
3489,rock
3490,classical
3491,blues
3492,hiphop
3493,jazz
3494,blues
3495,romance
3496,indie_alt
3497,metal
3498,indie_alt
3499,latin
3500,funk
3501,latin
3502,reggae
3503,country
3504,reggae
3505,jazz
3506,funk
3507,romance
3508,indie_alt
3509,latin
3510,latin
3511,country
3512,jazz
3513,metal
3514,classical
3515,indie_alt
3516,romance
3517,funk
3518,hiphop
3519,country
3520,metal
3521,pop
3522,metal
3523,hiphop
3524,classical
3525,hiphop
3526,romance
3527,reggae
3528,rock
3529,metal
3530,classical
3531,romance
3532,jazz
3533,hiphop
3534,jazz
3535,latin
3536,classical
3537,romance
3538,metal
3539,indie_alt
3540,romance
3541,metal
3542,metal
3543,jazz
3544,indie_alt
3545,rock
3546,punk
3547,indie_alt
3548,rock
3549,country
3550,classical
3551,indie_alt
3552,classical
3553,latin
3554,party
3555,blues
3556,latin
3557,party
3558,funk
3559,latin
3560,romance
3561,hiphop
3562,classical
3563,metal
3564,jazz
3565,classical
3566,metal
3567,romance
3568,party
3569,metal
3570,indie_alt
3571,jazz
3572,latin
3573,classical
3574,reggae
3575,hiphop
3576,rock
3577,hiphop
3578,classical
3579,classical
3580,funk
3581,hiphop
3582,classical
3583,hiphop
3584,classical
3585,hiphop
3586,classical
3587,indie_alt
3588,metal
3589,hiphop
3590,metal
3591,classical
3592,classical
3593,punk
3594,indie_alt
3595,party
3596,rock
3597,latin
3598,metal
3599,metal
3600,classical
3601,latin
3602,pop
3603,metal
3604,classical
3605,metal
3606,classical
3607,jazz
3608,latin
3609,latin
3610,metal
3611,country
3612,indie_alt
3613,party
3614,latin
3615,classical
3616,blues
3617,indie_alt
3618,classical
3619,jazz
3620,funk
3621,blues
3622,metal
3623,classical
3624,indie_alt
3625,punk
3626,jazz
3627,metal
3628,classical
3629,hiphop
3630,classical
3631,hiphop
3632,rock
3633,metal
3634,metal
3635,blues
3636,classical
3637,indie_alt
3638,latin
3639,romance
3640,latin
3641,romance
3642,latin
3643,funk
3644,jazz
3645,metal
3646,classical
3647,rock
3648,metal
3649,jazz
3650,latin
3651,latin
3652,classical
3653,latin
3654,romance
3655,indie_alt
3656,latin
3657,funk
3658,metal
3659,country
3660,metal
3661,rock
3662,country
3663,romance
3664,indie_alt
3665,funk
3666,metal
3667,romance
3668,latin
3669,metal
3670,country
3671,indie_alt
3672,rock
3673,romance
3674,funk
3675,country
3676,hiphop
3677,latin
3678,indie_alt
3679,funk
3680,metal
3681,blues
3682,hiphop
3683,country
3684,metal
3685,classical
3686,latin
3687,hiphop
3688,rock
3689,classical
3690,classical
3691,latin
3692,funk
3693,hiphop
3694,classical
3695,romance
3696,classical
3697,indie_alt
3698,funk
3699,hiphop
3700,classical
3701,hiphop
3702,metal
3703,classical
3704,classical
3705,metal
3706,classical
3707,classical
3708,metal
3709,party
3710,classical
3711,funk
3712,romance
3713,jazz
3714,indie_alt
3715,latin
3716,country
3717,hiphop
3718,metal
3719,jazz
3720,classical
3721,classical
3722,country
3723,metal
3724,indie_alt
3725,jazz
3726,latin
3727,hiphop
3728,latin
3729,metal
3730,funk
3731,country
3732,classical
3733,metal
3734,funk
3735,romance
3736,funk
3737,romance
3738,party
3739,jazz
3740,classical
3741,pop
3742,latin
3743,romance
3744,metal
3745,jazz
3746,classical
3747,country
3748,latin
3749,latin
3750,rock
3751,latin
3752,hiphop
3753,party
3754,jazz
3755,funk
3756,hiphop
3757,blues
3758,pop
3759,pop
3760,rock
3761,romance
3762,romance
3763,classical
3764,rock
3765,funk
3766,latin
3767,romance
3768,classical
3769,indie_alt
3770,latin
3771,rock
3772,jazz
3773,metal
3774,jazz
3775,latin
3776,blues
3777,pop
3778,country
3779,indie_alt
3780,hiphop
3781,classical
3782,metal
3783,country
3784,jazz
3785,classical
3786,metal
3787,rock
3788,rock
3789,classical
3790,classical
3791,latin
3792,country
3793,rock
3794,indie_alt
3795,indie_alt
3796,country
3797,classical
3798,latin
3799,hiphop
3800,hiphop
3801,jazz
3802,romance
3803,reggae
3804,hiphop
3805,classical
3806,indie_alt
3807,country
3808,pop
3809,latin
3810,romance
3811,metal
3812,indie_alt
3813,country
3814,romance
3815,indie_alt
3816,metal
3817,metal
3818,hiphop
3819,rock
3820,indie_alt
3821,latin
3822,funk
3823,romance
3824,hiphop
3825,country
3826,indie_alt
3827,latin
3828,indie_alt
3829,classical
3830,classical
3831,romance
3832,metal
3833,metal
3834,funk
3835,funk
3836,indie_alt
3837,classical
3838,metal
3839,metal
3840,hiphop
3841,metal
3842,classical
3843,romance
3844,indie_alt
3845,latin
3846,metal
3847,indie_alt
3848,funk
3849,classical
3850,jazz
3851,romance
3852,rock
3853,classical
3854,funk
3855,country
3856,latin
3857,hiphop
3858,hiphop
3859,country
3860,latin
3861,classical
3862,classical
3863,country
3864,latin
3865,metal
3866,classical
3867,party
3868,latin
3869,country
3870,hiphop
3871,hiphop
3872,classical
3873,party
3874,metal
3875,hiphop
3876,indie_alt
3877,classical
3878,indie_alt
3879,romance
3880,latin
3881,pop
3882,latin
3883,metal
3884,latin
3885,classical
3886,rock
3887,latin
3888,hiphop
3889,reggae
3890,classical
3891,metal
3892,reggae
3893,indie_alt
3894,classical
3895,classical
3896,latin
3897,rock
3898,latin
3899,latin
3900,indie_alt
3901,romance
3902,romance
3903,classical
3904,classical
3905,country
3906,hiphop
3907,hiphop
3908,blues
3909,country
3910,indie_alt
3911,country
3912,country
3913,hiphop
3914,metal
3915,metal
3916,classical
3917,classical
3918,rock
3919,jazz
3920,classical
3921,latin
3922,classical
3923,romance
3924,latin
3925,jazz
3926,romance
3927,latin
3928,latin
3929,pop
3930,metal
3931,metal
3932,metal
3933,metal
3934,classical
3935,metal
3936,indie_alt
3937,country
3938,metal
3939,hiphop
3940,romance
3941,latin
3942,funk
3943,pop
3944,hiphop
3945,indie_alt
3946,latin
3947,romance
3948,rock
3949,indie_alt
3950,classical
3951,metal
3952,classical
3953,country
3954,jazz
3955,party
3956,metal
3957,party
3958,classical
3959,party
3960,jazz
3961,classical
3962,funk
3963,hiphop
3964,romance
3965,classical
3966,funk
3967,jazz
3968,metal
3969,latin
3970,indie_alt
3971,metal
3972,classical
3973,rock
3974,latin
3975,jazz
3976,rock
3977,classical
3978,classical
3979,party
3980,party
3981,romance
3982,funk
3983,jazz
3984,romance
3985,romance
3986,jazz
3987,metal
3988,metal
3989,pop
3990,indie_alt
3991,rock
3992,metal
3993,latin
3994,rock
3995,pop
3996,jazz
3997,latin
3998,latin
3999,funk
4000,metal
4001,classical
4002,classical
4003,indie_alt
4004,romance
4005,metal
4006,metal
4007,classical
4008,romance
4009,indie_alt
4010,classical
4011,hiphop
4012,classical
4013,classical
4014,metal
4015,romance
4016,jazz
4017,party
4018,country
4019,romance
4020,party
4021,metal
4022,pop
4023,hiphop
4024,romance
4025,funk
4026,latin
4027,jazz
4028,romance
4029,jazz
4030,party
4031,party
4032,classical
4033,rock
4034,classical
4035,latin
4036,metal
4037,classical
4038,reggae
4039,pop
4040,indie_alt
4041,indie_alt
4042,funk
4043,latin
4044,funk
4045,classical
4046,latin
4047,romance
4048,metal
4049,latin
4050,indie_alt
4051,rock
4052,latin
4053,jazz
4054,latin
4055,country
4056,latin
4057,indie_alt
4058,classical
4059,hiphop
4060,romance
4061,classical
4062,indie_alt
4063,jazz
4064,funk
4065,indie_alt
4066,rock
4067,romance
4068,metal
4069,classical
4070,latin
4071,latin
4072,latin
4073,indie_alt
4074,jazz
4075,hiphop
4076,rock
4077,classical
4078,classical
4079,rock
4080,jazz
4081,metal
4082,reggae
4083,indie_alt
4084,indie_alt
4085,jazz
4086,romance
4087,hiphop
4088,latin
4089,classical
4090,classical
4091,rock
4092,jazz
4093,latin
4094,country
4095,latin
4096,blues
4097,hiphop
4098,metal
4099,latin
4100,latin
4101,pop
4102,rock
4103,romance
4104,indie_alt
4105,party
4106,hiphop
4107,latin
4108,country
4109,indie_alt
4110,funk
4111,metal
4112,hiphop
4113,classical
4114,funk
4115,hiphop
4116,classical
4117,indie_alt
4118,latin
4119,hiphop
4120,classical
4121,classical
4122,indie_alt
4123,classical
4124,classical
4125,classical
4126,classical
4127,hiphop
4128,classical
4129,latin
4130,latin
4131,classical
4132,hiphop
4133,party
4134,jazz
4135,jazz
4136,metal
4137,classical
4138,hiphop
4139,hiphop
4140,metal
4141,country
4142,latin
4143,punk
4144,classical
4145,classical
